﻿<?xml version="1.0" encoding="utf-8" ?>
<Package xmlns="http://schemas.myconstellation.io/Constellation/1.8/PackageManifest"
         Name="Spotify"
         Version="1.0"
         Author="Nicolas Roi"
         URL="https://github.com/nicolasroi/Constellation-Spotify"
         Description="Interaction between Mopidy and Constellation"
         EnableControlHub="false">
  <Compatibility constellationVersion="1.8" dotNetTargetPlatform="net45">
    <Platforms>
      <Platform id="Win32NT" isCompliant="false" />
      <Platform id="MacOSX" isCompliant="false" />
      <Platform id="Unix" isCompliant="true" />
    </Platforms>
  </Compatibility>
  <Settings>
    <Setting name="spotify_username" type="String" isRequired="true" ignoreLocalValue="true"/>
    <Setting name="spotify_password" type="String" isRequired="true" ignoreLocalValue="true"/>
	</Settings>
</Package>